TI_CT_PPHE_1,TI_CT_PPHE_2,TI_CT_PPHE_3,TI_CT_1,TI_CT_2,TI_CT_3,TI_PPHE_1,TI_PPHE_2,TI_PPHE_3,Protein,Gene,Descrip,TI_PPHE,TI_CT_PPHE,TI_CT,Type
17.424811843444907,18.311369647439644,19.236298657156677,18.205124000670875,17.788942302935688,17.05771791894185,18.486358576269602,17.041252016721476,16.580846798555132,A1L595,K1C17," Keratin, type I cytoskeletal 17 OS=Bos taurus GN=KRT17 PE=2 SV=1",17.36948579718207,18.324160049347075,17.683928074182802,B
21.2916000869422,20.973841205239736,21.03422569155721,20.288518894986478,20.129934358558593,21.87239097669417,21.602571375989868,21.466858029854315,21.552914359352343,A2I7M9,SPA32, Serpin A3-2 OS=Bos taurus GN=SERPINA3-2 PE=3 SV=1,21.540781255065507,21.099888994579715,20.76361474341308,B
24.92962484177298,25.07866872913143,24.94510209645225,23.875589058669622,24.579614741833645,24.202424875166628,24.59781463737915,24.729528916615788,24.751611152930085,A2I7N0,SPA34, Serpin A3-4 OS=Bos taurus GN=SERPINA3-4 PE=3 SV=1,24.69298490230834,24.98446522245222,24.21920955855663,B
18.419637712374563,18.4745119493718,18.267954927487022,17.75098725530519,17.714531500756,17.988636543434144,18.33109140430266,18.352209602742047,18.49085579634451,A2I7N1,SPA35, Serpin A3-5 OS=Bos taurus GN=SERPINA3-5 PE=3 SV=1,18.391385601129738,18.387368196411128,17.818051766498442,B
23.020087755854625,23.0984742828872,23.51803661061628,21.62504188624933,21.639548074215316,22.523704036926276,22.933698661235244,23.365969468999303,22.766551664128095,A2I7N2,SPA36, Serpin A3-6 OS=Bos taurus GN=SERPINA3-6 PE=3 SV=1,23.022073264787547,23.212199549786035,21.92943133246364,B
26.456494171093627,26.52861093095806,26.665248284709037,25.393931416501673,25.769072235634223,26.068807764602873,26.443459639247358,26.55124968986227,26.326393290262363,A2I7N3,SPA37, Serpin A3-7 OS=Bos taurus GN=SERPINA3-7 PE=3 SV=1,26.44036753979066,26.55011779558691,25.743937138912923,B
23.615854171919672,23.652775551292333,23.925670661973168,22.395572653048678,22.685322748417292,23.39314157419822,23.77100820144356,23.756010269811394,23.45900222116086,A6QPQ2,SPA38, Serpin A3-8 OS=Bos taurus GN=SERPINA3-8 PE=2 SV=1,23.66200689747194,23.73143346172839,22.824678991888064,B
19.257067436616953,19.425930104194844,19.624845207512223,19.347878073221526,19.191696164635403,19.60564817375868,19.317377607799195,19.563304432744108,19.296834790584633,A7E3W2,LG3BP, Galectin-3-binding protein OS=Bos taurus GN=LGALS3BP PE=1 SV=1,19.39250561037598,19.435947582774673,19.381740803871867,B
21.959732274380332,21.880572585830283,22.08838357403317,21.627015727602302,22.02567520534958,21.83423542037759,22.341412876433846,22.089978792451163,22.289602695973088,E1BF81,CBG, Corticosteroid-binding globulin OS=Bos taurus GN=SERPINA6 PE=3 SV=1,22.2403314549527,21.97622947808126,21.828975451109823,B
26.148908653700154,26.260499381824026,26.431005338381595,26.42496287940877,25.919077436961178,26.25609526916822,26.16691774596776,26.340010450435898,26.014532984534107,O46375,TTHY, Transthyretin OS=Bos taurus GN=TTR PE=1 SV=1,26.173820393645922,26.280137791301925,26.20004519517939,B
18.580397588841073,19.25031352148606,19.239180051424896,17.959738888559187,19.352807373870263,19.978429223114404,19.32278072785182,18.858046188729187,18.733379313502585,P00442,SODC, Superoxide dismutase [Cu-Zn] OS=Bos taurus GN=SOD1 PE=1 SV=2,18.97140207669453,19.023297053917343,19.096991828514618,B
25.349882581686526,25.340258940063,25.448209231183025,25.240962016898,25.370008076487846,25.357072616336616,25.373224267159156,25.364600369188167,25.286035552646222,P00735,THRB, Prothrombin OS=Bos taurus GN=F2 PE=1 SV=2,25.341286729664517,25.379450250977516,25.32268090324082,B
19.409287083969215,19.47758731160633,19.483275859249638,19.757809153611372,19.32036904688954,19.0795938692766,19.531178071896594,19.544151167216125,19.419876090547604,P00741,FA9, Coagulation factor IX OS=Bos taurus GN=F9 PE=1 SV=2,19.49840177655344,19.456716751608393,19.38592402325917,B
20.141363365643517,20.112898323943877,19.966082240812714,20.08445355331193,20.303880730429842,20.038290919612407,20.001968936385573,20.00867869034932,20.178991626826722,P00745,PROC, Vitamin K-dependent protein C (Fragment) OS=Bos taurus GN=PROC PE=1 SV=1,20.063213084520537,20.073447976800036,20.142208401118058,B
26.266858647696367,26.21768054883887,26.299361534836972,26.086062094406632,26.05389959852333,26.222703494632633,26.113271520825165,26.154981223196803,26.12232064542233,P00978,AMBP, Protein AMBP OS=Bos taurus GN=AMBP PE=1 SV=2,26.130191129814765,26.26130024379074,26.120888395854195,B
24.818607553083183,24.71428920956122,25.017311539501613,24.935586119218186,25.17426729992489,25.10184115664323,25.067899017330237,25.224334780189885,25.149864575111543,P01030,CO4, Complement C4 (Fragments) OS=Bos taurus GN=C4 PE=1 SV=2,25.14736612421056,24.850069434048674,25.070564858595436,B
26.895728521328135,26.91417254587201,26.890838178305714,26.5753368182924,26.60995722812828,26.87726126316396,26.935692521485347,26.73826279273923,26.828226611943435,P01044,KNG1, Kininogen-1 OS=Bos taurus GN=KNG1 PE=1 SV=1,26.834060642056006,26.90024641516862,26.68751843652821,B
23.823647247451945,23.621578076771943,23.69316090110469,23.55489029339034,23.254361270897796,23.479434158381753,23.54470095613962,23.537662695985784,23.678179233315074,P01045,KNG2, Kininogen-2 OS=Bos taurus GN=KNG2 PE=1 SV=1,23.58684762848016,23.712795408442858,23.42956190755663,B
19.593895442150735,20.025666426228042,19.96832462718354,17.4176847243248,17.384000409666875,18.47163770342157,18.75263171966492,18.14485569170629,19.700431016362728,P01888,B2MG, Beta-2-microglobulin OS=Bos taurus GN=B2M PE=1 SV=2,18.865972809244646,19.862628831854106,17.75777427913775,B
27.273089272310163,27.49659721424311,27.376941015027537,27.99266479102761,28.223567715148434,27.210512006287594,27.13660428781184,27.81949904006246,27.731476917957785,P01966,HBA, Hemoglobin subunit alpha OS=Bos taurus GN=HBA PE=1 SV=2,27.562526748610697,27.382209167193604,27.80891483748788,B
23.30316866220247,23.243479472699445,23.46641933514326,23.532639476188855,23.508882219973156,23.40342321502597,23.522638720089347,23.497798044683,23.587959847340784,P02070,HBB, Hemoglobin subunit beta OS=Bos taurus GN=HBB PE=1 SV=1,23.53613220403771,23.337689156681723,23.481648303729326,B
28.995699496743864,28.9063657650172,29.04166615762371,29.060607296294943,29.106751082092284,28.936349422113803,29.028726556472865,29.18527799737467,29.0889908441524,P02081,HBBF, Hemoglobin fetal subunit beta OS=Bos taurus PE=1 SV=1,29.100998465999975,28.981243806461592,29.034569266833675,B
23.121120291985733,22.98129664086593,23.055952212306636,23.081870821366955,22.99372807129949,23.231622608996275,23.309995273364322,23.081518631417175,23.003798176526885,P02453,CO1A1, Collagen alpha-1(I) chain OS=Bos taurus GN=COL1A1 PE=1 SV=3,23.131770693769464,23.052789715052768,23.102407167220907,B
20.386835738873714,20.369438185018588,20.64217163842793,19.253020608244178,19.891170571140538,19.617515903749634,20.62365575226809,20.498470049787624,20.75211961411545,P02465,CO1A2, Collagen alpha-2(I) chain OS=Bos taurus GN=COL1A2 PE=1 SV=2,20.624748472057053,20.466148520773412,19.58723569437812,B
21.478900584141908,21.52115805319628,21.82793689340999,21.36764404182521,21.798923032415615,21.84692028917805,21.811104783766666,21.898201095233514,22.006144716368432,P02584,PROF1, Profilin-1 OS=Bos taurus GN=PFN1 PE=1 SV=2,21.90515019845621,21.609331843582726,21.67116245447296,B
23.101197992557235,23.201001924944144,23.193010884418474,23.247837321146182,23.212304386619248,23.170983642100957,23.247040679949716,23.140189268539277,23.14103480636414,P02672,FIBA, Fibrinogen alpha chain OS=Bos taurus GN=FGA PE=1 SV=5,23.17608825161771,23.165070267306618,23.210375116622128,B
22.029758219490965,22.197284005247184,22.321614483682964,22.162105992797215,22.360386415796494,22.316986846020203,22.304396844156713,22.17191330869772,22.27612080267054,P02676,FIBB, Fibrinogen beta chain OS=Bos taurus GN=FGB PE=1 SV=2,22.250810318508325,22.1828855694737,22.279826418204635,B
35.02760858571591,35.03213102804518,35.019766575791216,35.097711309012595,35.08708881875119,35.038228407501016,35.035476499703684,35.01034806341911,35.02212136214089,P02769,ALBU, Serum albumin OS=Bos taurus GN=ALB PE=1 SV=4,35.022648641754564,35.0265020631841,35.07434284508827,B
20.890014237101912,21.04148502642804,20.810896455226224,20.994844307059406,21.03080720009198,20.74311637095976,20.765607964157294,20.781365208988728,20.928589154717567,P04815,BPT2, Spleen trypsin inhibitor I OS=Bos taurus PE=1 SV=2,20.825187442621196,20.914131906252063,20.92292262603705,B
22.68765388065287,23.085448198631223,22.888559838179862,22.71590458987363,22.424435699405215,21.864780640830396,23.125960988998088,22.044389664892755,21.954446793829007,P06394,K1C10," Keratin, type I cytoskeletal 10 OS=Bos taurus GN=KRT10 PE=3 SV=1",22.374932482573286,22.887220639154652,22.335040310036415,B
25.99301315144466,26.094460183120507,26.229016563161064,25.83127480551732,26.154747837533595,26.12484459593912,26.201090368320717,26.110469202368012,26.147994274953415,P06868,PLMN, Plasminogen OS=Bos taurus GN=PLG PE=1 SV=2,26.153184615214048,26.10549663257541,26.036955746330012,B
22.6246588907367,22.758959653432424,22.933241521688167,22.21300063943041,22.66892466548827,22.504468163111678,22.88467733433677,22.66510671326697,22.57364816654738,P07224,PROS, Vitamin K-dependent protein S OS=Bos taurus GN=PROS1 PE=1 SV=1,22.70781073805037,22.7722866886191,22.46213115601012,B
19.845648144961462,19.970589736848325,20.133917441815242,19.752327427292773,19.69173571601377,20.444158333704994,20.435289503519755,20.38164850899363,20.4515275556393,P07589,FINC, Fibronectin OS=Bos taurus GN=FN1 PE=1 SV=4,20.4228218560509,19.98338510787501,19.96274049233718,B
19.42762148026844,19.705957515530894,19.424651651945716,18.93285239393474,19.502451000303413,19.26927022655735,18.68437194465897,18.960391466353002,18.900643796558047,P08169,MPRI, Cation-independent mannose-6-phosphate receptor OS=Bos taurus GN=IGF2R PE=1 SV=2,18.848469069190006,19.519410215915016,19.2348578735985,B
19.5383121057257,19.362377305052775,19.470182286796366,19.94525713147069,20.00047408217496,19.388677139997444,19.530093261895757,19.95390135191726,19.745942402843394,P10096,G3P, Glyceraldehyde-3-phosphate dehydrogenase OS=Bos taurus GN=GAPDH PE=1 SV=4,19.74331233888547,19.456957232524946,19.778136117881033,B
33.177854736631986,33.208332391846454,33.10897353742728,33.097421691984515,32.95647162302007,33.15059769415221,33.05218438960831,33.16402903459648,33.11383892973962,P12763,FETUA, Alpha-2-HS-glycoprotein OS=Bos taurus GN=AHSG PE=1 SV=2,33.1100174513148,33.16505355530191,33.068163669718935,B
20.750132022283516,20.847224417539742,20.904547529967644,20.453982532313862,20.604346140866223,20.89201323630472,20.86053637225945,20.705748697764314,20.754024749141255,P12799,FIBG, Fibrinogen gamma-B chain OS=Bos taurus GN=FGG PE=1 SV=1,20.77343660638834,20.8339679899303,20.65011396982827,B
28.286459327602532,28.199504163436405,28.536941452858574,28.102361667466607,28.502242367262173,28.08118948136783,28.216084149007294,28.608864890704744,28.51078318401986,P15497,APOA1, Apolipoprotein A-I OS=Bos taurus GN=APOA1 PE=1 SV=3,28.4452440745773,28.340968314632505,28.22859783869887,B
25.680013981524553,25.65929430080752,25.766618555933594,25.544726526085736,25.659311185486363,25.761279587125152,25.66266861607343,25.638040461595825,25.671831813195002,P17690,APOH, Beta-2-glycoprotein 1 OS=Bos taurus GN=APOH PE=1 SV=4,25.657513630288083,25.70197561275522,25.655105766232413,B
23.810253374850653,23.736135746610714,23.754640881309008,23.538380101359753,23.800630122669823,23.678053046090756,23.87566981174322,23.76063563300883,23.95825272434279,P17697,CLUS, Clusterin OS=Bos taurus GN=CLU PE=1 SV=1,23.864852723031614,23.76701000092346,23.672354423373445,B
24.39292904231616,24.183472698737564,24.435539277410104,24.201554642114175,24.169393867794803,24.307641404297797,24.321229629520897,24.343097729419874,24.381478159843756,P18902,RET4, Retinol-binding protein 4 OS=Bos taurus GN=RBP4 PE=1 SV=1,24.34860183959484,24.337313672821278,24.226196638068927,B
19.688541805244245,19.793791061557634,21.108600828735135,19.260744308689503,19.538299114890165,20.711086915967993,20.798167477273385,19.855938790605215,20.02667336242665,P19035,APOC3, Apolipoprotein C-III OS=Bos taurus GN=APOC3 PE=1 SV=2,20.226926543435084,20.19697789851234,19.83671011318255,B
26.267675545280383,26.137149303894116,26.298961397532814,25.899959905273217,26.106617512468986,26.075267702321966,26.255374078074134,26.328948441578987,26.225303938379877,P28800,A2AP, Alpha-2-antiplasmin OS=Bos taurus GN=SERPINF2 PE=1 SV=2,26.269875486011,26.234595415569107,26.027281706688058,B
32.00793293804342,31.921167355274342,32.06370398482255,31.801803129355925,31.863434565524692,32.04839661836263,32.03488803522996,32.15249064529313,32.02487212020003,P34955,A1AT, Alpha-1-antiproteinase OS=Bos taurus GN=SERPINA1 PE=1 SV=1,32.07075026690771,31.99760142604677,31.90454477108108,B
21.164851852279806,21.237384981086862,21.293442112604474,21.492103336883947,21.392656292434754,21.585003181732528,21.400483118849372,21.740740281354178,21.73720468612153,P35445,COMP, Cartilage oligomeric matrix protein OS=Bos taurus GN=COMP PE=1 SV=2,21.62614269544169,21.23189298199038,21.489920937017075,B
26.518542332162635,26.5278588338285,26.54341853958103,26.1840490807592,26.443232628976464,26.422391099818512,26.60125735016454,26.569082445302705,26.534905529096225,P41361,ANT3, Antithrombin-III OS=Bos taurus GN=SERPINC1 PE=1 SV=2,26.56841510818782,26.52993990185739,26.34989093651806,B
20.699125241994455,20.779543985588518,20.67540633221391,20.720567961466504,20.763327842674983,20.591132903481977,21.164035262722063,21.18961086739471,20.68420329964368,P42916,CL43, Collectin-43 OS=Bos taurus GN=CL43 PE=1 SV=2,21.012616476586818,20.71802518659896,20.691676235874485,B
24.483811655933803,24.376569451659666,24.567870719325526,23.966876553446056,24.202224529472673,24.401046259697033,24.52412007871718,24.621170036731336,24.521756613692126,P50448,F12AI, Factor XIIa inhibitor OS=Bos taurus PE=1 SV=1,24.555682243046885,24.47608394230633,24.190049114205255,B
19.470134010459454,19.214218710266724,19.17340058767704,19.302821140609733,19.756681327318645,19.120744549242392,19.31987247062046,19.149710572544393,19.274250236397837,P68301,MT2, Metallothionein-2 OS=Bos taurus GN=MT2 PE=1 SV=1,19.2479444265209,19.28591776946774,19.393415672390258,B
25.60898655150351,25.485228728923914,25.673807742324847,25.342471367432474,25.472763835398432,25.739180881400944,25.62620998967538,25.67540315800663,25.637262503231643,P56652,ITIH3, Inter-alpha-trypsin inhibitor heavy chain H3 OS=Bos taurus GN=ITIH3 PE=1 SV=2,25.646291883637886,25.589341007584085,25.51813869474395,B
25.903048025476078,25.821651032341972,26.074659547509327,25.72526322747408,26.05925734862006,25.848063592786847,25.967163412226718,25.990121375666316,26.001661641459044,P63258,ACTG," Actin, cytoplasmic 2 OS=Bos taurus GN=ACTG1 PE=1 SV=1",25.986315476450688,25.933119535109125,25.87752805629366,B
18.377087454531093,18.35109577642764,18.603616349413436,18.515417395074834,18.71985529362813,18.460851894883398,18.620808089097828,18.753809157545962,18.480030716529367,P61223,RAP1B, Ras-related protein Rap-1b OS=Bos taurus GN=RAP1B PE=2 SV=1,18.618215987724387,18.44393319345739,18.565374861195455,B
20.037962867508476,20.088190801967674,20.201360762287774,19.99308820411291,20.2002916411586,20.280737829488665,20.01270206305726,20.100065930550883,20.209209668816364,P62935,PPIA, Peptidyl-prolyl cis-trans isomerase A OS=Bos taurus GN=PPIA PE=1 SV=2,20.107325887474836,20.109171477254645,20.158039224920056,B
21.71244554511535,21.648637706945227,22.211098307967827,20.160617937152548,21.704379925265993,21.756595218675628,22.087656284188064,21.900786373755203,22.136051818665173,Q3ZC07,ACTC," Actin, alpha cardiac muscle 1 OS=Bos taurus GN=ACTC1 PE=2 SV=1",22.041498158869484,21.857393853342803,21.207197693698056,B
20.110685086961634,20.145626658127664,20.252282631225544,20.41989595859381,21.493123840377613,20.275129441467342,20.29109406143076,20.071349342130443,20.239261175980285,P80425,FABPL," Fatty acid-binding protein, liver OS=Bos taurus GN=FABP1 PE=1 SV=1",20.200568193180498,20.169531458771615,20.729383080146253,B
25.864403354382425,25.814534644624057,25.962452883654834,25.811562661091184,26.014461397100373,25.901385575692558,25.982851608293476,25.966128534292324,26.088967259592557,P81187,CFAB, Complement factor B OS=Bos taurus GN=CFB PE=1 SV=2,26.012649134059455,25.88046362755377,25.90913654462804,B
26.291803154722235,25.940057192608926,26.04282510959688,26.128867019655964,26.053250260231632,25.845100774515203,26.13248264553362,26.42736897695823,26.478529750478103,P81644,APOA2, Apolipoprotein A-II OS=Bos taurus GN=APOA2 PE=1 SV=2,26.346127124323317,26.091561818976015,26.00907268480093,B
19.474429964700143,19.50959432742924,20.0000426199442,19.447841568797628,19.82916819029232,18.581325981696672,18.335093834970838,19.433899889872194,18.340902548134967,P81948,TBA4A, Tubulin alpha-4A chain OS=Bos taurus GN=TUBA4A PE=1 SV=2,18.70329875765933,19.66135563735786,19.28611191359554,B
22.55794063629772,22.483174950828246,22.59472180788104,22.310201557602653,22.70019367658641,22.37212741133354,22.528850230629573,22.610574306838764,22.63077095297169,Q03247,APOE, Apolipoprotein E OS=Bos taurus GN=APOE PE=1 SV=1,22.59006516348001,22.545279131669,22.460840881840866,B
23.49733140969735,23.390394347467975,23.614140050024194,23.14419826438746,23.93090280139874,23.501094941236346,23.58481305290185,23.446107539376943,23.58100063698881,Q05443,LUM, Lumican OS=Bos taurus GN=LUM PE=1 SV=1,23.537307076422536,23.50062193572984,23.525398669007515,B
24.311503630446555,24.17269389254554,24.48690962257935,24.13034951664514,24.41688130202951,24.474078624629826,24.48454373137838,24.455444796561874,24.447667748722843,Q0VCM5,ITIH1, Inter-alpha-trypsin inhibitor heavy chain H1 OS=Bos taurus GN=ITIH1 PE=1 SV=1,24.462552092221035,24.323702381857146,24.34043648110149,B
19.566660039520674,19.94841937254955,20.148451970378147,20.057169251148476,20.23189699570357,19.094401910102334,20.10121729729867,18.92753703868122,19.12824872341223,Q148H6,K1C28," Keratin, type I cytoskeletal 28 OS=Bos taurus GN=KRT28 PE=2 SV=1",19.385667686464043,19.887843794149457,19.79448938565146,B
19.335823721182145,19.50745784118847,19.746244928593185,19.895057892494222,19.57865535384293,19.230283263852947,19.636013901656373,19.074354063623066,18.621596908935945,Q148H7,K2C79," Keratin, type II cytoskeletal 79 OS=Bos taurus GN=KRT79 PE=2 SV=1",19.110654958071795,19.5298421636546,19.567998836730034,B
21.11529574312431,21.1530867467802,21.30468843198163,21.592114883601194,21.772532556756357,21.157903615750175,21.461297458983836,21.483503063327404,21.39106930971668,Q28065,C4BPA, C4b-binding protein alpha chain OS=Bos taurus GN=C4BPA PE=2 SV=1,21.445289944009307,21.191023640628714,21.507517018702575,B
24.35148278003454,24.338034274948484,24.5319016328601,24.126478932028128,24.408930644327146,24.531454990149385,24.558886671955438,24.51701681875859,24.559011480594283,Q28085,CFAH, Complement factor H OS=Bos taurus GN=CFH PE=1 SV=3,24.544971657102767,24.407139562614375,24.35562152216822,B
19.818977729440743,20.046598487252513,19.800944362846277,19.769504948997845,20.121739670584898,19.67308615601373,20.167932047276523,19.896520932429294,20.019405361962612,Q28107,FA5, Coagulation factor V OS=Bos taurus GN=F5 PE=1 SV=1,20.027952780556145,19.888840193179846,19.854776925198824,B
31.536030929019443,31.599626223452642,31.587534456808775,31.359425877268677,31.577859413906868,31.428582441451976,31.596388014092394,31.348023360220477,31.510210886878212,Q29443,TRFE, Serotransferrin OS=Bos taurus GN=TF PE=2 SV=1,31.48487408706369,31.57439720309362,31.455289244209172,B
22.990262967303217,23.02429268987705,23.123265573363444,22.26990141732711,23.134661245660034,22.9878267843625,23.151233619172725,23.118377808827827,23.113103691170267,Q29RQ1,CO7, Complement component C7 OS=Bos taurus GN=C7 PE=2 SV=1,23.127571706390274,23.045940410181235,22.79746314911655,B
18.657356683449823,18.813503517841166,18.859667563664082,19.313228544461566,18.638778071272494,18.57149172971629,19.95775199613285,19.12512059857142,18.79963645164816,Q29S21,K2C7," Keratin, type II cytoskeletal 7 OS=Bos taurus GN=KRT7 PE=2 SV=1",19.294169682117474,18.776842588318356,18.841166115150116,B
18.20933646637686,18.551800767564252,18.26115781886512,18.174220502184475,18.370002989132786,17.954341044786897,18.38978431892016,18.406138085530166,18.442215102189767,Q2HJ57,COTL1, Coactosin-like protein OS=Bos taurus GN=COTL1 PE=2 SV=3,18.412712502213363,18.340765017602077,18.166188178701386,B
17.992478451626297,17.73262293820103,18.287617559496873,17.44744447855037,18.45818961062451,17.937438505394848,18.181833916417688,18.051823005285026,18.235684236791595,Q3ZBU7,TBB4A, Tubulin beta-4A chain OS=Bos taurus GN=TUBB4A PE=2 SV=1,18.15644705283144,18.004239649774735,17.94769086485658,B
20.161883561046444,19.95014888506652,20.195988923981773,19.175359937571585,19.41458061191556,19.360307302853748,20.207217255931617,20.22726319816771,20.27631965642598,Q2KIG3,CBPB2, Carboxypeptidase B2 OS=Bos taurus GN=CPB2 PE=1 SV=1,20.236933370175105,20.102673790031577,19.31674928411363,B
21.262451761803312,21.284819036956556,21.328013224996873,21.32617359978664,21.135547311678625,21.404056408930174,21.5372473696498,21.463438879286624,21.357546515736423,Q2KIS7,TETN, Tetranectin OS=Bos taurus GN=CLEC3B PE=2 SV=1,21.45274425489095,21.291761341252247,21.28859244013181,B
20.80654179150349,20.720080938999285,21.047277625858925,20.542627061042484,20.869339712691488,20.790321419322208,21.289329637421638,21.03675779157587,21.28411957530582,Q2KIT0,HP20, Protein HP-20 homolog OS=Bos taurus PE=2 SV=1,21.203402334767777,20.8579667854539,20.73409606435206,B
19.305903520583076,19.23196370687044,19.297906590995872,19.458653261999544,19.152502413886737,19.265930122603365,19.458630899339134,19.258306878474244,19.21333289891266,Q2KIX7,HP251, Protein HP-25 homolog 1 OS=Bos taurus PE=1 SV=1,19.310090225575347,19.278591272816463,19.29236193282988,B
21.10550801197138,21.58126703956679,21.63067038153945,21.050157816085893,21.12024031425478,21.203933640343138,21.784585828728737,21.163738342227703,21.14585554334065,Q2KJ63,KLKB1, Plasma kallikrein OS=Bos taurus GN=KLKB1 PE=2 SV=1,21.364726571432367,21.43914847769254,21.124777256894603,B
27.047392586472576,26.956449990715804,27.11936900143167,27.0226064838385,26.997240065167507,27.07696212094337,27.194112479501662,27.097775498342,27.067886452422684,Q2KJF1,A1BG, Alpha-1B-glycoprotein OS=Bos taurus GN=A1BG PE=1 SV=1,27.11992481008878,27.04107052620668,27.032269556649794,B
28.042807889522336,28.087469221076905,28.179342189374186,27.969399693448636,28.09365989012063,28.176546455282235,28.295683632701795,28.22314718752345,28.304555745583777,Q2UVX4,CO3, Complement C3 OS=Bos taurus GN=C3 PE=1 SV=2,28.274462188603007,28.103206433324473,28.079868679617167,B
21.25137373295128,21.510332130611378,21.527571972763084,20.925552873276672,21.374675788410222,21.396439678289493,21.45115813969986,20.863120753585754,21.801068401041334,Q32KY0,APOD, Apolipoprotein D OS=Bos taurus GN=APOD PE=2 SV=1,21.371782431442316,21.429759278775247,21.232222779992128,B
18.93268345306671,19.006836984697316,18.949606370405743,20.024375576691558,19.844715385033165,19.540333925801328,18.90465907619287,19.21811827303584,19.195498227957206,Q32PJ2,APOA4, Apolipoprotein A-IV OS=Bos taurus GN=APOA4 PE=2 SV=1,19.106091859061973,18.96304226938992,19.80314162917535,B
22.000654001260376,22.01066914346757,22.203563396007535,22.029662968374314,22.22511818183228,22.007543557434648,22.09274995836998,22.114662905199545,22.053709967562824,Q3MHN2,CO9, Complement component C9 OS=Bos taurus GN=C9 PE=2 SV=1,22.087040943710786,22.071628846911825,22.08744156921375,B
29.093955473615427,28.99959246645667,29.061109468114104,28.988916866641777,28.958518873479854,29.063431771294887,29.144511470351134,29.025583454946062,29.09068006779998,Q3MHN5,VTDB, Vitamin D-binding protein OS=Bos taurus GN=GC PE=2 SV=1,29.086924997699057,29.051552469395403,29.003622503805506,B
19.702295407607245,19.790822752811476,19.87946245514708,20.039164654749687,19.92502820569984,19.76456448356594,19.793326872731047,19.969600726199126,19.722133951853248,Q3SWW8,TSP4, Thrombospondin-4 OS=Bos taurus GN=THBS4 PE=2 SV=1,19.82835385026114,19.790860205188597,19.90958578133849,B
24.02609020074377,24.09643572627713,24.14596231161404,23.94418739923897,24.174587727282265,24.00671001226234,24.065662858203822,24.108596788035246,24.253438254462388,Q3SX14,GELS, Gelsolin OS=Bos taurus GN=GSN PE=2 SV=1,24.14256596690048,24.089496079544983,24.041828379594524,B
29.126924817675604,29.10971393381801,29.23580847271492,29.043090751913464,29.22300451988792,29.20304034228421,29.253161255364397,29.14245334045899,29.196606389909643,Q3SZ57,FETA, Alpha-fetoprotein OS=Bos taurus GN=AFP PE=2 SV=1,29.197406995244346,29.157482408069512,29.15637853802853,B
27.718751053308015,27.699490734022486,27.689210089289993,27.515982132235244,27.13645675932165,27.69846509609836,27.660604770597583,27.448670742624223,27.559000129326606,Q3SZR3,A1AG, Alpha-1-acid glycoprotein OS=Bos taurus GN=ORM1 PE=2 SV=1,27.55609188084947,27.7024839588735,27.45030132921842,B
27.54688040755073,27.46275129339929,27.423172199599772,27.0639208057268,27.530994107440065,27.460825938912972,27.514985541726553,27.132779895834915,27.6240851416499,Q3SZV7,HEMO, Hemopexin OS=Bos taurus GN=HPX PE=2 SV=1,27.423950193070453,27.477601300183267,27.351913617359944,B
18.808847825156537,19.00646348108603,18.3032902027372,19.102325540110957,18.923209840692476,18.384817890773785,18.389818987005587,18.78320277890886,18.77989982705748,Q3T021,SPAT9, Spermatogenesis-associated protein 9 OS=Bos taurus GN=SPATA9 PE=2 SV=1,18.650973864323973,18.706200502993255,18.80345109052574,B
26.967494036557596,26.819310490004284,27.048383436090475,26.789865459392935,27.023755691990306,27.095023699019045,27.073845218600542,27.08150347952446,27.157426588450107,Q3T052,ITIH4, Inter-alpha-trypsin inhibitor heavy chain H4 OS=Bos taurus GN=ITIH4 PE=1 SV=1,27.104258428858373,26.945062654217452,26.96954828346743,B
24.135984821590156,24.292900737992568,24.263111274137994,24.283035335341374,24.16165601878761,24.199370417072167,24.83518917002041,24.58182117711735,24.22086244857492,Q3Y5Z3,ADIPO, Adiponectin OS=Bos taurus GN=ADIPOQ PE=1 SV=1,24.545957598570894,24.23066561124024,24.21468725706705,B
24.050011006146008,23.99747965908727,24.083898792314216,23.66563357562322,23.816769918638172,24.021106581184444,23.986635222983836,23.98548094716934,23.950727703838968,Q58CQ9,VNN1, Pantetheinase OS=Bos taurus GN=VNN1 PE=1 SV=1,23.974281291330712,24.043796485849168,23.834503358481943,B
28.95611298914514,28.929368071405516,28.930631725722343,28.90071549025462,28.90431179940062,28.90776457918038,29.063121799870085,28.946970470085134,29.054864746625835,Q58D62,FETUB, Fetuin-B OS=Bos taurus GN=FETUB PE=1 SV=1,29.021652338860353,28.938704262091004,28.90426395627854,B
19.898700580217316,18.81405852370823,18.736641020608385,18.242721164965303,19.212345245942675,18.99329747222107,19.03769794620157,19.76406851642736,18.922605127557453,Q5E9B1,LDHB, L-lactate dehydrogenase B chain OS=Bos taurus GN=LDHB PE=2 SV=4,19.241457196728796,19.149800041511313,18.816121294376348,B
18.34656364538943,18.236843769475577,18.692190375292995,17.163179466030208,18.58284731578351,18.24346292949112,18.595749755698208,18.320317817850462,18.727134094106944,Q5E9F5,TAGL2, Transgelin-2 OS=Bos taurus GN=TAGLN2 PE=2 SV=3,18.547733889218538,18.425199263386002,17.996496570434946,B
18.378731968086147,17.752359156262283,18.348881542620433,18.123421578984022,18.19105127766586,18.674642847995514,19.185513242683186,19.329623234763286,19.23962382162811,Q5E9F7,COF1, Cofilin-1 OS=Bos taurus GN=CFL1 PE=2 SV=3,19.251586766358198,18.159990888989622,18.3297052348818,B
21.00746127328894,21.753962051972884,21.727427919062507,21.93523214877149,21.2624740403174,20.875617280776474,22.01078725497705,21.23556637614013,20.876140478060094,Q5XQN5,K2C5," Keratin, type II cytoskeletal 5 OS=Bos taurus GN=KRT5 PE=1 SV=1",21.37416470305909,21.496283748108112,21.35777448995512,B
19.746527668039693,19.833097701764896,19.7269727514733,20.38498449191397,20.605245382644032,20.03742694411545,19.7988203690983,19.77562265542756,19.806310835956435,Q6URK6,CADH5, Cadherin-5 OS=Bos taurus GN=CDH5 PE=2 SV=1,19.793584620160768,19.768866040425962,20.34255227289115,B
30.059436435635593,29.989218878287517,30.200360654150305,29.934867025764213,30.195798977849034,30.253320420427016,30.299941608700404,30.23664718632422,30.334937152305383,Q7SIH1,A2MG, Alpha-2-macroglobulin OS=Bos taurus GN=A2M PE=1 SV=2,30.290508649110006,30.083005322691136,30.127995474680088,B
25.09290791469372,24.856230041915467,25.108966094121403,24.875435318788732,25.289939471137945,25.121139901112947,25.300575621033566,25.336230937569464,25.340541246055867,Q95121,PEDF, Pigment epithelium-derived factor OS=Bos taurus GN=SERPINF1 PE=1 SV=1,25.325782601552962,25.019368016910196,25.09550489701321,B
21.644161267625005,21.277175703902017,21.583040187217527,21.171628435227795,21.575305700513486,21.598115857398223,21.7300733893437,21.57633493616185,21.734408982591447,Q95M17,CHIA, Acidic mammalian chitinase OS=Bos taurus GN=CHIA PE=1 SV=1,21.68027243603233,21.50145905291485,21.44834999771317,B
19.984004236668177,19.917504489103614,20.074919703499727,19.45510225367922,19.410233403705977,19.71042456300869,20.011576013171116,19.992060432325797,19.772751075785035,Q9BGI3,PRDX2, Peroxiredoxin-2 OS=Bos taurus GN=PRDX2 PE=2 SV=1,19.925462507093982,19.992142809757173,19.52525340679796,B
22.191737020070043,22.10247724495743,22.479374990247177,21.94396749297517,22.332316205373747,22.310207009372572,22.547267614660658,23.00228998519261,22.706658214766254,Q9N2I2,IPSP, Plasma serine protease inhibitor OS=Bos taurus GN=SERPINA5 PE=1 SV=1,22.75207193820651,22.257863085091554,22.195496902573833,B
23.679133766806988,23.60676253200768,23.90487682468682,23.506867596982687,23.9855166204584,23.946044973625284,24.038624155302237,23.76396277855806,24.15738160427301,Q9TT36,THBG, Thyroxine-binding globulin OS=Bos taurus GN=SERPINA7 PE=2 SV=1,23.98665617937777,23.73025770783383,23.812809730355458,B
27.917596201338963,27.87494100838107,27.98798604852096,27.38987395578206,27.567165878248268,27.75169989752862,27.89300041192695,28.008949584582766,27.797862982986278,Q9TTE1,SPA31, Serpin A3-1 OS=Bos taurus GN=SERPINA3-1 PE=1 SV=3,27.899937659831995,27.926841086080334,27.56957991051965,B
19.340331853355224,19.337202853093157,19.481628476780156,19.521340805691036,19.489636772547943,19.30632301786186,19.2966518020089,19.43587341890487,19.480935915317083,Q9TTJ5,RGN, Regucalcin OS=Bos taurus GN=RGN PE=2 SV=1,19.404487045410285,19.386387727742846,19.439100198700277,B
19.395435897926735,19.342361800145287,19.54358244451444,19.89893545583203,20.30464746435607,19.802916501051758,19.210184774583347,19.495809256051064,19.412673868871362,Q9XSJ4,ENOA, Alpha-enolase OS=Bos taurus GN=ENO1 PE=1 SV=4,19.37288929983526,19.427126714195484,20.002166473746616,B
16.4544560432751,16.845728067464535,17.025335314108784,16.192625297478994,16.453491569717993,16.625770650903714,19.896304728324907,19.830608854409512,19.37328677621396,P08670,VIME,Vimentin OS=Homo sapiens GN=VIM PE=1 SV=4,19.700066786316125,16.77517314161614,16.423962506033565,H
10.591087025969808,11.496527285370746,12.588299738813854,13.45663945426559,12.109798833224811,12.098183101653891,7.0827895984202955,5.119587242150781,7.795965988576779,P00002,PC,PepCalMix,6.666114276382618,11.558638016718135,12.554873796381429,H
17.340231833616297,17.03116751848192,16.941402544268158,15.74911848744352,15.963443307854506,16.257766301930747,19.843605842344875,19.781908388982956,19.499729820007165,P04264,K2C1,"Keratin, type II cytoskeletal 1 OS=Homo sapiens GN=KRT1 PE=1 SV=6",19.70841468377833,17.10426729878879,15.990109365742924,H
17.153482523845454,16.75598485351298,15.908573258596208,16.625054991412945,15.694585190538245,16.633467582760108,17.927964274343612,18.20889565356013,17.666610158972546,P35908,K22E,"Keratin, type II cytoskeletal 2 epidermal OS=Homo sapiens GN=KRT2 PE=1 SV=2",17.934490028958763,16.606013545318216,16.317702588237097,H
17.690941728958226,16.842612656404185,16.753234500681817,18.877663138119775,19.103483601659214,18.744027004421763,18.964332937421926,19.05007382758047,19.028543681014266,P13645,K1C10,"Keratin, type I cytoskeletal 10 OS=Homo sapiens GN=KRT10 PE=1 SV=6",19.014316815338887,17.095596295348074,18.90839124806692,H
16.893664923617106,15.97305419059272,15.247636520618915,15.40364559557053,15.798363777246077,14.511843732722083,18.809789066884967,19.032121230008737,19.036941899288323,P35527,K1C9,"Keratin, type I cytoskeletal 9 OS=Homo sapiens GN=KRT9 PE=1 SV=3",18.959617398727342,16.038118544942915,15.237951035179563,H
16.09112639406981,15.66400900511805,16.35367367017636,16.60735238164044,15.312074729659809,16.45636996005611,16.003355683954492,16.184526538595243,15.99994986489057,P02533,K1C14,"Keratin, type I cytoskeletal 14 OS=Homo sapiens GN=KRT14 PE=1 SV=4",16.062610695813433,16.036269689788075,16.12526569045212,H
19.75268559960848,17.67977785527915,17.73150157170125,16.349664256530225,17.807918947151776,19.933011828603224,16.960446254622116,17.253224803894287,17.075314385821407,P02545,LMNA,Prelamin-A/C OS=Homo sapiens GN=LMNA PE=1 SV=1,17.096328481445937,18.38798834219629,18.030198344095073,H
16.106434978976807,14.830362355652793,15.893303888874817,16.02847462220633,16.43354495251211,16.289072791261212,17.08609727188155,16.913188240092992,17.250888292558404,P14618,KPYM,Pyruvate kinase PKM OS=Homo sapiens GN=PKM PE=1 SV=4,17.08339126817765,15.61003374116814,16.25036412199322,H
15.18309680620329,12.887347670780118,13.671993429620864,14.032848645254841,12.844043587544256,12.244253876674057,14.87477125413591,14.792199598126045,14.723872679752418,P07437,TBB5,Tubulin beta chain OS=Homo sapiens GN=TUBB PE=1 SV=2,14.79694784400479,13.914145968868091,13.040382036491051,H
17.10271053184268,16.998884733420475,17.981743895221285,15.39521973215085,14.685551864759528,17.464347594925272,16.997707131876595,17.090981576583072,17.218583968528854,P07355,ANXA2,Annexin A2 OS=Homo sapiens GN=ANXA2 PE=1 SV=2,17.10242422566284,17.361113053494815,15.848373063945218,H
17.545477333890457,16.14184808859058,16.973293591615604,15.634108309845871,17.025322994979074,16.57227117269598,19.03337888241685,19.03168992448495,19.38019233670809,P60709,ACTB,"Actin, cytoplasmic 1 OS=Homo sapiens GN=ACTB PE=1 SV=1",19.148420381203298,16.88687300469888,16.410567492506974,H
14.646125717176858,13.026373349375001,11.128206865123216,11.415713889423767,12.861248255106855,11.053269718666204,12.514292540866425,12.667723205993157,12.77980366071206,P68032,ACTC,"Actin, alpha cardiac muscle 1 OS=Homo sapiens GN=ACTC1 PE=1 SV=1",12.653939802523881,12.933568643891691,11.776743954398944,H
17.136088141577584,17.050638121965537,16.59288145888242,16.425936896343337,16.61718921576118,15.611969606422708,15.848113296694954,15.956777627641383,16.243948443376745,P13639,EF2,Elongation factor 2 OS=Homo sapiens GN=EEF2 PE=1 SV=4,16.016279789237696,16.92653590747518,16.218365239509072,H
17.002576885709967,15.812990611218677,16.40335908479217,16.659923890554737,16.885427087091614,16.226868044506862,17.07864832704436,17.030549245776598,16.78070639110961,P06733,ENOA,Alpha-enolase OS=Homo sapiens GN=ENO1 PE=1 SV=2,16.96330132131019,16.406308860573606,16.59073967405107,H
15.159858118204305,15.263588592813598,14.953691483834364,15.844217003857969,15.408005524098701,15.760778423611102,15.777214787308637,15.993820604006105,16.19851784748203,P11021,GRP78,78 kDa glucose-regulated protein OS=Homo sapiens GN=HSPA5 PE=1 SV=2,15.989851079598923,15.125712731617421,15.671000317189256,H
16.591070297829663,16.712400620422677,16.357084898924064,16.074816072848243,14.829747019231535,15.392611084180986,18.06119292073024,17.839796104707457,17.817785085404218,P68363,TBA1B,Tubulin alpha-1B chain OS=Homo sapiens GN=TUBA1B PE=1 SV=1,17.906258036947303,16.55351860572547,15.43239139208692,H
12.276007035240932,12.826599618617703,11.717509466844422,13.681621067103594,13.33443160605989,13.572341918613771,13.625649122973746,13.534281837362638,13.711756516572,Q13509,TBB3,Tubulin beta-3 chain OS=Homo sapiens GN=TUBB3 PE=1 SV=2,13.623895825636128,12.273372040234355,13.529464863925753,H
15.954663828367366,17.757069351844788,16.46998343078359,15.72448636619431,16.84934802818611,16.93037399556583,16.88563569726921,16.666412004715436,15.965117707444788,P04406,G3P,Glyceraldehyde-3-phosphate dehydrogenase OS=Homo sapiens GN=GAPDH PE=1 SV=3,16.505721803143146,16.727238870331913,16.50140279664875,H
16.74566448297704,16.61673090626666,17.213726105419784,16.683763210822477,17.455707214949346,16.658884358409725,17.14887966273406,17.17401279392674,17.413378825789007,P08758,ANXA5,Annexin A5 OS=Homo sapiens GN=ANXA5 PE=1 SV=2,17.245423760816603,16.85870716488783,16.932784928060514,H
17.18982233798025,16.846525475399208,16.236793191521,16.962992617291253,16.34009521108815,16.11564896067106,17.26181959952105,17.60478036999199,17.49831773057623,P00338,LDHA,L-lactate dehydrogenase A chain OS=Homo sapiens GN=LDHA PE=1 SV=2,17.454972566696423,16.757713668300152,16.47291226301682,H
16.60313095804466,14.786351912986516,14.356995959717153,15.527076350509974,15.589978160854804,14.32675204251849,17.103706105623733,16.9843207012453,17.30760254379218,Q5VTE0,EF1A3,Putative elongation factor 1-alpha-like 3 OS=Homo sapiens GN=EEF1A1P5 PE=5 SV=1,17.131876450220403,15.24882627691611,15.14793551796109,H
16.175794005837904,16.028219157560095,15.381585424559033,16.167620104889057,16.829161015877627,15.805122842091478,15.910586835510903,15.891586302212195,16.102271221155387,P04083,ANXA1,Annexin A1 OS=Homo sapiens GN=ANXA1 PE=1 SV=2,15.968148119626163,15.861866195985678,16.267301320952722,H
13.600798165753764,15.548161497942882,16.663738170121025,15.230678265947606,15.253854306855578,17.291506631428025,17.30216147028264,17.31495800165256,17.57580307534399,P11142,HSP7C,Heat shock cognate 71 kDa protein OS=Homo sapiens GN=HSPA8 PE=1 SV=1,17.39764084909306,15.270899277939222,15.925346401410403,H
14.36351544729812,14.642351155455774,14.97771231248362,14.948885407416535,14.96341158191486,15.324924068630475,12.940820563930997,12.730056384910839,14.59806204765459,P68104,EF1A1,Elongation factor 1-alpha 1 OS=Homo sapiens GN=EEF1A1 PE=1 SV=1,13.42297966549881,14.66119297174584,15.07907368598729,H
16.728322397935745,16.055440358447708,16.436756236260045,15.047415255775174,17.34916624474137,14.675870612240695,15.247191736811335,14.967248188116368,15.140409808072121,P08238,HS90B,Heat shock protein HSP 90-beta OS=Homo sapiens GN=HSP90AB1 PE=1 SV=4,15.118283244333275,16.4068396642145,15.69081737091908,H
16.160878853069516,15.93270408706725,15.261094212742497,16.030013177562036,16.1354855820105,16.74048534201369,15.517389714194481,15.46982640821446,15.503403213439555,P14625,ENPL,Endoplasmin OS=Homo sapiens GN=HSP90B1 PE=1 SV=1,15.496873111949498,15.784892384293089,16.30199470052874,H
15.690940359236475,16.196852950776563,14.593119984674232,16.255228401567795,13.336192413104587,16.527227076600003,14.620604118373832,15.119328466659173,14.746785690017035,P13647,K2C5,"Keratin, type II cytoskeletal 5 OS=Homo sapiens GN=KRT5 PE=1 SV=3",14.828906091683345,15.493637764895757,15.37288263042413,H
16.156815730672673,17.159505835719994,16.257166421929558,15.710384067764137,15.742674289966413,15.850282022935804,14.828280535025169,14.906537203247526,15.252865295604657,O43707,ACTN4,Alpha-actinin-4 OS=Homo sapiens GN=ACTN4 PE=1 SV=2,14.995894344625784,16.524495996107408,15.767780126888786,H
16.771334618720925,15.738916367325103,16.584202727446694,15.72930489645674,16.231764916726387,17.405989786674407,15.096822605730715,14.984223665402233,15.363355778520436,P21333,FLNA,Isoform 2 of Filamin-A OS=Homo sapiens GN=FLNA,15.148134016551127,16.364817904497574,16.455686533285846,H
15.156673219256279,13.646492224846137,14.37383511441207,14.88165485036813,15.334045988653093,14.95028991089124,14.782457835123596,14.67098579074266,14.553389839833244,P60174,TPIS,Triosephosphate isomerase OS=Homo sapiens GN=TPI1 PE=1 SV=3,14.6689444885665,14.39233351950483,15.055330249970822,H
15.88262106959557,15.32624152569858,16.066129546375162,16.307554071069784,14.271814865584918,14.757161522485456,16.33533619334218,16.182320399792488,16.214497838053575,P62937,PPIA,Peptidyl-prolyl cis-trans isomerase A OS=Homo sapiens GN=PPIA PE=1 SV=2,16.244051477062747,15.758330713889771,15.112176819713385,H
17.181439111803016,18.604357393544266,18.353700722863294,17.823522799902925,18.092877495567173,14.151192815804079,14.733210015648464,15.185633500636605,15.349923954732494,P07900,HS90A,Heat shock protein HSP 90-alpha OS=Homo sapiens GN=HSP90AA1 PE=1 SV=5,15.089589157005854,18.04649907607019,16.689197703758058,H
14.941137094109768,15.918687819489922,14.856128680245194,12.797557743175467,12.9314055535166,14.4474909152261,18.13467316639401,18.088766739598586,18.29834983782501,P62805,H4,Histone H4 OS=Homo sapiens GN=HIST1H4A PE=1 SV=2,18.173929914605868,15.238651197948293,13.39215140397272,H
15.032162401856374,13.551700364506958,15.272619580661022,15.70221211908197,16.299618014007596,14.527489747017308,14.759019287207224,14.958973642366137,14.704284185970225,P04075,ALDOA,Isoform 2 of Fructose-bisphosphate aldolase A OS=Homo sapiens GN=ALDOA,14.807425705181195,14.618827449008117,15.509773293368958,H
15.240577446046265,16.673511865031106,13.488679162575327,15.108223545292823,15.028348740146575,14.48245480020226,14.459402895260567,14.382671828309043,14.197264617352339,P63104,1433Z,14-3-3 protein zeta/delta OS=Homo sapiens GN=YWHAZ PE=1 SV=1,14.346446446973983,15.134256157884233,14.873009028547221,H
15.231754167676007,16.466676971984437,15.305124670279035,13.68319856818105,14.68418429725319,14.782687081478288,14.906366072802816,15.275304751138275,14.98120484507919,P27797,CALR,Calreticulin OS=Homo sapiens GN=CALR PE=1 SV=1,15.054291889673427,15.667851936646493,14.38335664897084,H
15.921955703129267,14.511805651260385,15.396786796898242,15.506967687941579,15.9238062299333,15.13194130733553,17.85740985655405,17.745823459273648,17.97756272351812,Q8N257,H2B3B,Histone H2B type 3-B OS=Homo sapiens GN=HIST3H2BB PE=1 SV=3,17.860265346448603,15.276849383762631,15.520905075070138,H
15.638912021856779,18.41058099841837,17.241527342543357,16.85553304155508,15.45997814950855,17.2930654809054,17.010882038073067,16.82547913506673,17.14295737564975,P09382,LEG1,Galectin-1 OS=Homo sapiens GN=LGALS1 PE=1 SV=2,16.993106182929846,17.09700678760617,16.536192223989676,H
12.83348257894046,11.536260836227878,14.276458056666055,14.80174411774972,13.295888708282774,12.862607272732966,11.636650456129003,11.13744426186171,9.814639440047987,P31946,1433B,Isoform Short of 14-3-3 protein beta/alpha OS=Homo sapiens GN=YWHAB,10.862911386012902,12.88206715727813,13.653413366255153,H
15.965126850520896,13.188772721972692,13.53103284261276,15.492144964025439,15.414357789565384,14.939784131823075,12.039679199372038,12.293497654774006,11.07481131827765,P25705,ATPA,"Isoform 2 of ATP synthase subunit alpha, mitochondrial OS=Homo sapiens GN=ATP5A1",11.802662724141234,14.228310805035449,15.282095628471298,H
15.098642031361475,10.832381703189869,13.719553732545616,12.491515991192024,14.32409978126396,14.85145838090123,15.642052731387142,15.851071782592768,15.746454821193858,P07737,PROF1,Profilin-1 OS=Homo sapiens GN=PFN1 PE=1 SV=2,15.746526445057924,13.21685915569899,13.889024717785738,H
13.690354714947231,13.513706101550124,12.63833852601355,13.581206766987734,14.731216303951983,12.331669374122836,14.630815700193487,15.15888224899959,14.260881401292181,P62328,TYB4,Thymosin beta-4 OS=Homo sapiens GN=TMSB4X PE=1 SV=2,14.683526450161752,13.280799780836967,13.548030815020851,H
15.783178186888954,15.478314057816647,16.051062453926356,16.074258406435447,15.498993834751731,15.960415596949787,14.823895335847922,14.77219242557506,15.131055105239957,P07195,LDHB,L-lactate dehydrogenase B chain OS=Homo sapiens GN=LDHB PE=1 SV=2,14.90904762222098,15.770851566210652,15.844555946045654,H
15.493966662810159,16.057198026430928,15.22155399419627,16.88496494387639,15.016134486949582,14.26636448777248,13.966414725794234,14.074240098038192,13.895440485219597,P10809,CH60,"60 kDa heat shock protein, mitochondrial OS=Homo sapiens GN=HSPD1 PE=1 SV=2",13.978698436350674,15.590906227812454,15.389154639532817,H
12.119343181675546,12.166104972251357,11.591346463148744,12.813223813120477,12.325143147219247,13.358785590280819,13.467026898003095,14.053219764714525,14.517284807196052,P81605,DCD,Dermcidin OS=Homo sapiens GN=DCD PE=1 SV=2,14.012510489971225,11.958931539025215,12.83238418354018,H
17.18801948271161,16.900229995774666,16.540380411555294,20.241374736511553,17.988128227760477,17.29757809292717,15.117037883474714,14.949175009098948,14.730071756398987,P35579,MYH9,Myosin-9 OS=Homo sapiens GN=MYH9 PE=1 SV=4,14.932094882990882,16.87620996334719,18.509027019066398,H
12.461683263027837,12.50034283115515,11.279667077258583,12.385164905814579,11.761965658489315,11.069271117996548,12.39163850916613,11.335211179629447,9.724996721841311,Q96QV6,H2A1A,Histone H2A type 1-A OS=Homo sapiens GN=HIST1H2AA PE=1 SV=3,11.150615470212296,12.080564390480523,11.738800560766814,H
15.36883089335005,17.195271468555084,15.679761114334347,16.406096989090063,14.420746324808235,15.763940750834315,13.143020636484373,12.011370259182652,12.228978115285573,Q9NZT1,CALL5,Calmodulin-like protein 5 OS=Homo sapiens GN=CALML5 PE=1 SV=2,12.461123003650867,16.08128782541316,15.530261354910872,H
13.49344221958924,12.928138015260803,14.82010646254997,14.545249487355484,12.123266245171635,14.20982262815659,13.790336240841185,13.614546565278243,13.734374994307345,P00558,PGK1,Phosphoglycerate kinase 1 OS=Homo sapiens GN=PGK1 PE=1 SV=3,13.713085933475591,13.747228899133338,13.626112786894572,H
14.140050605586165,18.477052838193057,14.007266476087972,14.909484644555887,19.4838543062848,16.695867005448193,17.220264656078157,17.15318876236068,17.366578150487864,P69905,HBA,Hemoglobin subunit alpha OS=Homo sapiens GN=HBA1 PE=1 SV=2,17.246677189642238,15.541456639955731,17.02973531876296,H
17.213807209294846,16.474033581244086,16.616727749187746,16.277643737885086,16.04620385958582,16.158408662387707,12.60486483809646,13.833485324475632,13.393917625401507,Q15149,PLEC,Isoform 4 of Plectin OS=Homo sapiens GN=PLEC,13.2774225959912,16.768189513242223,16.160752086619535,H
16.435830982558254,15.99958432978965,16.422754772154523,16.451658801363063,17.537024481921872,15.91854184710416,13.16476323140943,13.209449715351294,12.70252818666664,P30101,PDIA3,Protein disulfide-isomerase A3 OS=Homo sapiens GN=PDIA3 PE=1 SV=4,13.02558037780912,16.286056694834144,16.635741710129697,H
15.592957480110405,15.362461538318247,15.224889415255085,14.011173275051975,13.446390458458252,17.405387625428144,14.546132509059216,13.701667150135219,14.913788116171892,O43852,CALU,Calumenin OS=Homo sapiens GN=CALU PE=1 SV=2,14.387195925122109,15.393436144561244,14.954317119646126,H
13.948551750691713,14.757975106583677,14.59104129214525,15.513322618030331,13.281886952328712,13.499639535916852,13.2405763348905,13.269894915660768,13.264670742772195,P06576,ATPB,"ATP synthase subunit beta, mitochondrial OS=Homo sapiens GN=ATP5B PE=1 SV=3",13.258380664441155,14.432522716473548,14.098283035425297,H
11.758796426422899,13.499330146201496,11.767884062195316,11.877602483106145,11.807635718381576,13.917451869222763,12.192868301280326,12.577485137205722,10.16957541302192,P50990,TCPQ,Isoform 2 of T-complex protein 1 subunit theta OS=Homo sapiens GN=CCT8,11.646642950502658,12.342003544939905,12.53423002357016,H
15.4337949703657,14.03240363432109,14.617810928521664,14.864824678055388,14.720537396694537,14.21223493981928,11.735841127321155,13.332762126872218,13.69726979759682,P60660,MYL6,Myosin light polypeptide 6 OS=Homo sapiens GN=MYL6 PE=1 SV=2,12.921957683930065,14.694669844402817,14.599199004856402,H
15.862585433690839,13.028139459302986,15.608768517953093,13.74749215468942,14.935219934713286,15.310322276772077,12.787800771956867,11.943261211692338,10.850123328064212,P32119,PRDX2,Peroxiredoxin-2 OS=Homo sapiens GN=PRDX2 PE=1 SV=5,11.860395103904473,14.833164470315639,14.664344788724927,H
13.899206473171764,14.191843719544657,14.477503114076443,14.353897689734039,14.533689630778209,13.538602130097148,13.535679552340639,13.321621456989364,13.431134907387468,P40926,MDHM,"Malate dehydrogenase, mitochondrial OS=Homo sapiens GN=MDH2 PE=1 SV=3",13.429478638905822,14.189517768930955,14.14206315020313,H
15.217911002437127,13.546485463788793,18.319628272170892,14.8078694445207,13.649763588534443,13.918236329527149,12.19598434020862,13.223944636530359,13.478522062204842,O60701,UGDH,UDP-glucose 6-dehydrogenase OS=Homo sapiens GN=UGDH PE=1 SV=1,12.966150346314606,15.694674912798936,14.12528978752743,H
14.029077502858895,15.135270368333316,17.82845619477822,14.985842232240984,17.037458081609987,17.604936941791276,13.082783059798084,13.72052312771022,12.989811283884423,P31949,S10AB,Protein S100-A11 OS=Homo sapiens GN=S100A11 PE=1 SV=2,13.264372490464241,15.664268021990145,16.542745751880748,H
15.580159665381633,16.14097910837751,15.787624439890376,17.08577616616406,16.385747091318024,17.653989341983163,12.851336427349718,12.58122634848743,13.510258686223883,Q09666,AHNK,Neuroblast differentiation-associated protein AHNAK OS=Homo sapiens GN=AHNAK PE=1 SV=2,12.980940487353678,15.83625440454984,17.041837533155082,H
15.015567508802972,13.262916969982998,14.782368484590476,12.293397847283869,14.2150838533237,14.26208498068156,14.393685067735227,14.120227603997956,13.850964478890237,P05388,RLA0,60S acidic ribosomal protein P0 OS=Homo sapiens GN=RPLP0 PE=1 SV=1,14.12162571687447,14.353617654458816,13.590188893763042,H
17.187285304239772,17.214409697246836,17.446265092979786,17.43607226825497,17.06909096402473,17.278818390931843,15.320386232916144,15.117808062301128,15.587197605438872,P07237,PDIA1,Protein disulfide-isomerase OS=Homo sapiens GN=P4HB PE=1 SV=3,15.341797300218715,17.28265336482213,17.26132720773718,H
15.272797125624017,14.468979878406111,14.914246931587194,15.726076765318496,16.18814534041334,14.003230691932771,11.969656883411238,11.995578194926034,11.990277942941246,P22626,ROA2,Heterogeneous nuclear ribonucleoproteins A2/B1 OS=Homo sapiens GN=HNRNPA2B1 PE=1 SV=2,11.98517100709284,14.88534131187244,15.305817599221536,H
14.0273083606035,14.079009430814349,13.861627214008507,14.11975055672582,13.874503905757754,14.253930681728233,14.266891920810604,14.397978001572293,15.172748916369127,Q06830,PRDX1,Peroxiredoxin-1 OS=Homo sapiens GN=PRDX1 PE=1 SV=1,14.61253961291734,13.989315001808786,14.082728381403937,H
16.032966689824892,16.38078178672381,16.56172003211729,16.467921775429662,15.488218757555504,15.703483751813398,12.775522517740907,12.609534753771028,11.945560164959707,P61604,CH10,"10 kDa heat shock protein, mitochondrial OS=Homo sapiens GN=HSPE1 PE=1 SV=2",12.443539145490547,16.32515616955533,15.88654142826619,H
11.341665113907222,15.043715932585119,15.017416967887536,14.8111865145344,13.53348349759427,13.33805609383003,12.224926711591046,11.442377785080355,12.315991079500934,P26038,MOES,Moesin OS=Homo sapiens GN=MSN PE=1 SV=3,11.994431858724111,13.80093267145996,13.894242035319566,H
15.281225495527007,12.493804967720367,12.153087369042368,13.796157093862632,13.86795899434281,14.345133795897755,12.48942143303238,12.115824302862984,12.338349415259636,P62081,RS7,40S ribosomal protein S7 OS=Homo sapiens GN=RPS7 PE=1 SV=1,12.314531717051667,13.309372610763248,14.003083294701065,H
15.667047656143875,14.383403455881416,12.373013038118605,12.867035225476467,11.888930493531207,11.25244613036698,11.220019364411446,12.185856647278667,11.681554863931531,O60814,H2B1K,Histone H2B type 1-K OS=Homo sapiens GN=HIST1H2BK PE=1 SV=3,11.695810291873881,14.141154716714633,12.00280394979155,H
14.544490168649956,15.530776285821746,15.94185203014789,14.692488088120047,16.11209259561757,15.043992181860672,14.311792208294943,14.485726599164764,14.563844253001847,P62277,RS13,40S ribosomal protein S13 OS=Homo sapiens GN=RPS13 PE=1 SV=2,14.453787686820519,15.339039494873198,15.282857621866095,H
11.936637956864537,13.597325886092404,12.07857683389104,11.537994840109798,12.146340691247733,13.579969440573118,7.086697637943807,7.838944696044529,9.681797176510285,P0DP23,CALM1,Calmodulin-1 OS=Homo sapiens GN=CALM1 PE=1 SV=1,8.202479836832874,12.537513558949328,12.421434990643549,H
11.865290733168246,14.242129611091222,14.11694956506255,12.411412921732401,13.502523378756635,10.884666426500758,12.364567286241451,10.867065963831081,11.529066066869456,P50395,GDIB,Rab GDP dissociation inhibitor beta OS=Homo sapiens GN=GDI2 PE=1 SV=2,11.586899772313997,13.408123303107338,12.266200908996597,H
14.355831410586465,16.354485848886114,16.52350384679989,13.13364325713992,15.99931736341387,13.149751983704052,13.065123495366226,13.223970338413103,12.737343746255831,P37802,TAGL2,Transgelin-2 OS=Homo sapiens GN=TAGLN2 PE=1 SV=3,13.008812526678389,15.744607035424158,14.094237534752613,H
12.83767747471268,12.040816552970515,14.45190746714686,16.01433036710207,11.801681938407368,11.510079635519196,14.35193696595934,14.316169165170592,14.42346909753873,P22392,NDKB,Nucleoside diphosphate kinase B OS=Homo sapiens GN=NME2 PE=1 SV=1,14.36385840955622,13.11013383161002,13.108697313676211,H
11.602421200086386,11.469509770238526,11.771832547852933,12.941515802066887,14.928951207397722,13.224343505082064,14.637373679619587,14.07804480895326,14.230621385823822,P23284,PPIB,Peptidyl-prolyl cis-trans isomerase B OS=Homo sapiens GN=PPIB PE=1 SV=2,14.31534662479889,11.614587839392614,13.698270171515558,H
12.286825626103669,12.170351307653403,11.839604793178204,15.014243824726272,11.920809047089582,15.215187100132336,14.775332061241826,14.662029985429998,14.649818239227175,P05387,RLA2,60S acidic ribosomal protein P2 OS=Homo sapiens GN=RPLP2 PE=1 SV=1,14.695726761966332,12.09892724231176,14.0500799906494,H
12.001650790793276,14.749785169161497,12.67969162924106,11.316365185046195,14.595529153184982,12.823831485228071,12.281053911822415,13.620127612072599,13.996778640885852,P17931,LEG3,Galectin-3 OS=Homo sapiens GN=LGALS3 PE=1 SV=5,13.299320054926953,13.14370919639861,12.911908607819749,H
13.786714645032099,15.858209040439133,12.18759871809271,12.618521171922895,15.212704040331692,12.937779819576875,12.115626594691209,12.491343896236371,12.038635836249712,P62424,RL7A,60S ribosomal protein L7a OS=Homo sapiens GN=RPL7A PE=1 SV=2,12.215202109059097,13.944174134521313,13.58966834394382,H
15.635282354365227,14.370313265923686,15.087541238967956,14.032022474168036,15.666969113431021,14.438291467608433,13.405908266299315,12.949760188829886,13.141507438511077,P09601,HMOX1,Heme oxygenase 1 OS=Homo sapiens GN=HMOX1 PE=1 SV=1,13.165725297880092,15.031045619752291,14.712427685069164,H
12.603951937623156,11.911671685927217,13.817663571223113,13.533048797541033,12.859727147419214,13.700987873871872,11.764362161662103,11.057877763036412,9.489880721886113,P26641,EF1G,Elongation factor 1-gamma OS=Homo sapiens GN=EEF1G PE=1 SV=3,10.770706882194878,12.77776239825783,13.364587939610708,H
11.619293662386822,12.871655780174835,11.417452718968475,11.875650260828728,12.447703966758722,12.638790732409088,12.847873601107112,12.767195170425204,12.911800790056983,P62851,RS25,40S ribosomal protein S25 OS=Homo sapiens GN=RPS25 PE=1 SV=1,12.842289853863099,11.969467387176712,12.320714986665513,H
14.793037108767441,13.598534323793288,13.922624008839097,13.678798487106265,12.383803984045398,15.858518208716298,12.412693172927344,11.99452268485036,12.931346331826568,Q14103,HNRPD,Heterogeneous nuclear ribonucleoprotein D0 OS=Homo sapiens GN=HNRNPD PE=1 SV=1,12.446187396534759,14.104731813799944,13.97370689328932,H
12.576954854394238,14.030989398789428,13.174742836610191,12.760226193287362,12.723771624845112,13.754035854150708,13.590658155516971,13.832724300910254,13.998962943078116,P29692,EF1D,Isoform 2 of Elongation factor 1-delta OS=Homo sapiens GN=EEF1D,13.807448466501782,13.260895696597954,13.079344557427726,H
12.234152427246178,13.468197215463004,11.844909324021737,14.663894809545019,12.999736616806809,13.021532934878474,11.59202811314822,11.703266648556392,12.092965459942626,Q16658,FSCN1,Fascin OS=Homo sapiens GN=FSCN1 PE=1 SV=3,11.796086740549079,12.515752988910306,13.561721453743433,H
13.111831663416803,12.34861256068332,13.677770799705332,14.521762682512552,13.611872788067672,13.599975250203153,10.93065698749249,9.347019793552647,9.709333763146935,Q07065,CKAP4,Cytoskeleton-associated protein 4 OS=Homo sapiens GN=CKAP4 PE=1 SV=2,9.995670181397358,13.04607167460182,13.911203573594458,H
14.593293208395881,13.857168240982299,14.002344037436307,15.945002053330834,14.935997163794008,14.75701621670982,12.968635636566988,12.894338275120482,12.858883473855201,P15880,RS2,40S ribosomal protein S2 OS=Homo sapiens GN=RPS2 PE=1 SV=2,12.90728579518089,14.150935162271496,15.21267181127822,H
14.801286360510415,15.554426076294515,17.191464002263192,14.900258661177876,15.174515374473826,13.944346399591504,13.33490453183259,13.09660394149699,13.566167551285005,P23396,RS3,40S ribosomal protein S3 OS=Homo sapiens GN=RPS3 PE=1 SV=2,13.332558674871528,15.849058813022708,14.673040145081067,H
15.431747148270619,15.544198163212224,15.72489268185395,15.56862686640212,14.201055583435016,13.907838827952304,12.492058444220332,12.345212723959486,12.071603323066997,P01023,A2MG,Alpha-2-macroglobulin OS=Homo sapiens GN=A2M PE=1 SV=3,12.302958163748938,15.56694599777893,14.559173759263146,H
13.572819854294492,11.890669154394342,12.664575492040438,14.065690810256985,12.512428775039202,11.763607466923956,10.544293435510165,10.677232231800941,10.23200702869363,P16070,CD44,Isoform 10 of CD44 antigen OS=Homo sapiens GN=CD44,10.484510898668246,12.709354833576421,12.780575684073382,H
13.063826691195953,14.763050553240905,13.377643184558767,12.73810862031023,13.842038161912969,12.969183405255052,13.497182194086822,13.241890511438724,12.988152849028333,P06748,NPM,Isoform 2 of Nucleophosmin OS=Homo sapiens GN=NPM1,13.242408518184625,13.734840142998541,13.18311006249275,H
13.755600465283306,13.107474745330544,15.218965374991075,16.36148731325789,14.858233532724594,15.553661236455516,12.671561554239373,13.545699526333754,9.375653827479494,P08133,ANXA6,Annexin A6 OS=Homo sapiens GN=ANXA6 PE=1 SV=3,11.864304969350874,14.02734686186831,15.591127360812665,H
12.066798057116229,14.848963097811648,15.781588890206537,13.908320572765764,13.979488070453355,13.437242653581892,11.78408307747874,12.339920204278819,11.687358851793624,Q15084,PDIA6,Isoform 5 of Protein disulfide-isomerase A6 OS=Homo sapiens GN=PDIA6,11.937120711183729,14.232450015044805,13.775017098933668,H
16.221431458991248,16.381263224264902,16.680868888912027,17.033161819855824,17.118567060091365,15.171400435743267,12.652795061015052,12.978623485493063,12.788394374865529,P39019,RS19,40S ribosomal protein S19 OS=Homo sapiens GN=RPS19 PE=1 SV=2,12.80660430712455,16.42785452405606,16.44104310523015,H
14.751306640035711,13.812831967310007,14.32199385716026,14.900064621101794,15.765664654473962,17.572160870776035,13.410370027514237,13.033137036425476,13.93587025116751,P62269,RS18,40S ribosomal protein S18 OS=Homo sapiens GN=RPS18 PE=1 SV=3,13.459792438369073,14.29537748816866,16.079296715450596,H
13.467281449238758,12.961025309851442,15.847999582923089,13.864001905201278,12.814308159796136,14.349704906781906,10.883988463757582,10.595204991154365,10.040837530369592,P78371,TCPB,T-complex protein 1 subunit beta OS=Homo sapiens GN=CCT2 PE=1 SV=4,10.506676995093846,14.092102114004428,13.676004990593105,H
14.48893279944708,13.530178997701757,12.563996739197277,11.511944016345813,12.878688398367732,13.022019581858347,10.951740796510443,9.203538772243627,8.919800057558664,P06702,S10A9,Protein S100-A9 OS=Homo sapiens GN=S100A9 PE=1 SV=1,9.69169320877091,13.527702845448706,12.470883998857296,H
15.120134493546981,12.420277753197958,14.403904448947555,13.319240625155762,13.721127346562303,11.835722425714454,10.805545695413365,9.376803641017903,8.921066380768782,Q14974,IMB1,Importin subunit beta-1 OS=Homo sapiens GN=KPNB1 PE=1 SV=2,9.701138572400016,13.981438898564164,12.958696799144173,H
12.827035305972267,13.877799441688829,12.695316508229203,16.013614464129052,14.077073989737842,15.76520685059202,13.67131325806444,14.41350563116767,10.361323438074809,Q9H299,SH3L3,SH3 domain-binding glutamic acid-rich-like protein 3 OS=Homo sapiens GN=SH3BGRL3 PE=1 SV=1,12.815380775768972,13.133383751963434,15.285298434819639,H
14.624430511454063,13.908222150775615,14.698677928232266,15.09066105637397,15.938013095879297,15.398394714336181,12.228511908104332,12.020368300481188,12.140775025621464,P27824,CALX,Calnexin OS=Homo sapiens GN=CANX PE=1 SV=2,12.129885078068995,14.410443530153982,15.475689622196484,H
16.21518340092329,18.4269787020626,14.840887246591294,14.13253183440522,15.8833579272339,13.894359582076666,9.462968679791866,10.708043626823192,8.88972341864458,O00571,DDX3X,ATP-dependent RNA helicase DDX3X OS=Homo sapiens GN=DDX3X PE=1 SV=3,9.68691190841988,16.494349783192394,14.636749781238597,H
13.378760729231482,12.238534200169749,13.967971425629763,11.15350495069313,11.198096144131707,15.014015455383428,11.674208500548424,11.573100808817344,11.431451323815194,P05141,ADT2,ADP/ATP translocase 2 OS=Homo sapiens GN=SLC25A5 PE=1 SV=7,11.559586877726987,13.195088785010332,12.455205516736088,H
17.3896486820648,16.699882752684772,17.957150848850464,16.60036399743027,16.065948258494267,16.561959961007762,14.135585641423042,14.160157753101029,13.994587441482228,P19338,NUCL,Nucleolin OS=Homo sapiens GN=NCL PE=1 SV=3,14.096776945335433,17.348894094533346,16.409424072310767,H
14.208124727966812,13.918958184248545,14.439950943298225,15.586812272461007,15.191496319042754,14.277547554662377,14.07034591624309,14.400970291934746,14.607678326521606,P16402,H13,Histone H1.3 OS=Homo sapiens GN=HIST1H1D PE=1 SV=2,14.359664844899813,14.189011285171196,15.018618715388712,H
14.26840806197148,12.979531116462546,13.215553359598799,13.001599847028997,13.137398536280312,11.803068720047808,12.569063409497444,12.450921397098131,12.528395741315544,P49368,TCPG,T-complex protein 1 subunit gamma OS=Homo sapiens GN=CCT3 PE=1 SV=4,12.516126849303705,13.487830846010942,12.64735570111904,H
12.951723310483247,13.586574119461803,12.91489047957392,11.972673340012134,15.328961593048415,12.561972812457958,10.558834465360622,10.37905507717766,10.53431060618556,O60664-3,PLIN3,Isoform 3 of Perilipin-3 OS=Homo sapiens GN=PLIN3,10.490733382907948,13.151062636506325,13.28786924850617,H
14.249871517998839,13.57125024474996,12.540633667435129,13.34439376983539,13.526383554661885,11.391532915164921,9.797539863559495,11.427026734905255,11.153853067740895,O60506,HNRPQ,Isoform 2 of Heterogeneous nuclear ribonucleoprotein Q OS=Homo sapiens GN=SYNCRIP,10.792806555401881,13.453918476727976,12.754103413220733,H
11.598593418368894,13.480366562229918,11.457624696326189,11.273348420551212,12.281228920442826,11.374392048389119,11.929942816822575,10.936192361620531,11.73241358432272,P15144,AMPN,Aminopeptidase N OS=Homo sapiens GN=ANPEP PE=1 SV=4,11.532849587588608,12.178861558975001,11.642989796461052,H
16.362593121375358,11.779309577175091,12.420647734013036,14.057614891868269,15.133545341693916,13.265997848181994,12.24034483808162,12.16906691875649,7.5973079530887935,P18085,ARF4,ADP-ribosylation factor 4 OS=Homo sapiens GN=ARF4 PE=1 SV=3,10.668906569975634,13.520850144187827,14.152386027248061,H
14.636927306044385,12.569649729400314,13.17270953296663,13.448978164641126,11.695522892044364,13.013302750438866,12.241751180059829,11.57879593639494,12.26714380405229,P30041,PRDX6,Peroxiredoxin-6 OS=Homo sapiens GN=PRDX6 PE=1 SV=3,12.029230306835686,13.459762189470444,12.71926793570812,H
12.064256735385309,13.797317611990167,13.90042181973081,14.02792931964128,11.59425670785746,13.593787729910716,10.738316442749486,7.032289695060211,12.090656206270262,P61353,RL27,60S ribosomal protein L27 OS=Homo sapiens GN=RPL27 PE=1 SV=2,9.95375411469332,13.253998722368761,13.07199125246982,H
14.11715943640151,15.0582397652107,16.570325222936038,15.058647949681909,17.623954892987015,17.29984213184668,10.177152633093224,11.06455394834342,11.45130277918719,Q02878,RL6,60S ribosomal protein L6 OS=Homo sapiens GN=RPL6 PE=1 SV=3,10.89766978687461,15.248574808182747,16.6608149915052,H
14.889375434811697,13.67848119903505,12.424971696131625,10.884949569174115,11.695388627540822,14.930014813362082,10.712102536008818,11.503780524039172,11.016805542387695,Q5D862,FILA2,Filaggrin-2 OS=Homo sapiens GN=FLG2 PE=1 SV=1,11.077562867478562,13.66427610999279,12.503451003359006,H
14.22735009230727,14.897071620112426,12.192830980024455,15.880998999751055,14.58694171398313,14.62322575062315,7.817746608964423,6.637408988435528,6.955917569182138,P07858,CATB,Cathepsin B OS=Homo sapiens GN=CTSB PE=1 SV=3,7.137024388860696,13.77241756414805,15.030388821452446,H
12.940487252448166,13.274663085170111,14.478667653702423,15.050551079995161,13.413173640804402,13.508567302311034,11.400231109850582,12.417630481892035,13.003441986461409,P60866,RS20,Isoform 2 of 40S ribosomal protein S20 OS=Homo sapiens GN=RPS20,12.27376785940134,13.5646059971069,13.990764007703532,H
15.582772110247443,16.726316310968077,15.611628815895664,13.645563115382563,16.18260342358704,13.34485526813567,13.218115859711054,12.258120542772403,11.667666375323906,Q00610,CLH1,Isoform 2 of Clathrin heavy chain 1 OS=Homo sapiens GN=CLTC,12.381300925935788,15.973572412370395,14.391007269035091,H
12.194021697386171,12.59184297476649,14.520053567398486,13.317009402224729,12.918151881167427,11.382570870267475,10.934910155816421,10.757833910904008,11.083608472007551,P05109,S10A8,Protein S100-A8 OS=Homo sapiens GN=S100A8 PE=1 SV=1,10.92545084624266,13.101972746517049,12.539244051219876,H
15.246049864423389,11.911939715149918,13.821271912821992,15.040421680199346,13.887922794071725,13.830061044714258,11.503728012642748,11.15253061929315,11.509415945214204,Q00839,HNRPU,Heterogeneous nuclear ribonucleoprotein U OS=Homo sapiens GN=HNRNPU PE=1 SV=6,11.388558192383366,13.659753830798431,14.252801839661776,H
13.771980647675436,14.025009049017841,14.841181755294468,14.340396955935724,15.435882404530513,14.237811728604708,8.31445956626653,8.746300635668884,8.741502154827852,O15511-2,ARPC5,Isoform 2 of Actin-related protein 2/3 complex subunit 5 OS=Homo sapiens GN=ARPC5,8.60075411892109,14.212723817329248,14.671363696356982,H
11.653742619575594,12.392818305646545,11.617424086373143,11.455226499832106,12.010567750480167,11.563095168813788,13.205818421097971,9.396501519340683,13.936007480222491,Q16695,H31T,Histone H3.1t OS=Homo sapiens GN=HIST3H3 PE=1 SV=3,12.179442473553715,11.887995003865093,11.67629647304202,H
18.665881810347905,16.687157481816197,18.05217982133193,15.824386963374696,16.680143560420177,18.619059320985723,8.8788425101089,8.45656456135047,11.66977989552683,Q9P2E9-2,RRBP1,Isoform 1 of Ribosome-binding protein 1 OS=Homo sapiens GN=RRBP1,9.668395655662067,17.801739704498676,17.041196614926864,H
12.228835588887334,12.88323214812781,12.080678020958198,12.434402448844919,11.921822400004864,11.078878352533991,11.54874373236937,10.894326433444721,12.112411620021886,P62826,RAN,GTP-binding nuclear protein Ran OS=Homo sapiens GN=RAN PE=1 SV=3,11.518493928611994,12.397581919324447,11.811701067127926,H
11.628878116072476,11.817445752059664,12.377763440107854,13.977647047130333,15.25586790637292,14.755486935731792,9.867292964002454,9.391732414491349,8.994628850080991,P07339,CATD,Cathepsin D OS=Homo sapiens GN=CTSD PE=1 SV=1,9.417884742858265,11.941362436079999,14.663000629745014,H
12.064226888811646,11.627960392541414,14.17766543385039,11.725536333223365,12.238266499402075,11.139229626862964,12.60653917213835,12.587189729883661,12.86958755080707,P62701,RS4X,"40S ribosomal protein S4, X isoform OS=Homo sapiens GN=RPS4X PE=1 SV=2",12.687772150943026,12.62328423840115,11.701010819829468,H
16.253714798044633,13.38504302037485,16.0182197379011,14.818128022748015,12.344077857547196,13.4764248260869,8.781389041482768,6.178489948073192,5.831453741078013,P61163,ACTZ,Alpha-centractin OS=Homo sapiens GN=ACTR1A PE=1 SV=1,6.930444243544659,15.218992518773527,13.546210235460704,H
13.869149854291177,12.729556230050363,11.64369758015009,11.83039783254216,12.63004180218707,11.845425165991415,12.621655994389922,13.077834684013387,12.14128697888606,P02655,APOC2,Apolipoprotein C-II OS=Homo sapiens GN=APOC2 PE=1 SV=1,12.613592552429788,12.747467888163877,12.101954933573547,H
13.774764555467165,14.103189213820455,12.123110189793172,13.15352119691811,13.948575781708122,11.643097507954032,13.504219912509434,13.53634831080851,13.763951618447257,P46781,RS9,40S ribosomal protein S9 OS=Homo sapiens GN=RPS9 PE=1 SV=3,13.601506613921734,13.333687986360266,12.915064828860087,H
12.665589601702465,13.472150661734107,11.894308054487892,16.182706760918773,12.432416493601734,13.559984976756468,11.878585986279457,11.29307398992076,13.795634541448305,P51149,RAB7A,Ras-related protein Rab-7a OS=Homo sapiens GN=RAB7A PE=1 SV=1,12.322431505882841,12.677349439308154,14.058369410425657,H
11.919756781196533,11.268184481544134,12.20973422686213,14.47432990856139,13.995498484890032,12.513326259403462,9.256732074855112,9.466791611924954,7.777154118103545,Q99584,S10AD,Protein S100-A13 OS=Homo sapiens GN=S100A13 PE=1 SV=1,8.833559268294538,11.799225163200932,13.661051550951628,H
13.189259170731427,11.701047978985766,13.086796170963318,11.838160372609304,14.163154101042938,12.1426367997328,10.821270560293348,10.337370523327317,8.508428620189417,P46940,IQGA1,Ras GTPase-activating-like protein IQGAP1 OS=Homo sapiens GN=IQGAP1 PE=1 SV=1,9.88902323460336,12.659034440226838,12.71465042446168,H
12.439721504428988,16.328584919920374,12.471347603296365,14.405891470283992,12.343342995864573,14.115549571610462,11.493719611642462,11.728050873600024,11.53767005696978,Q96AY3,FKB10,Peptidyl-prolyl cis-trans isomerase FKBP10 OS=Homo sapiens GN=FKBP10 PE=1 SV=1,11.586480180737423,13.746551342548576,13.621594679253008,H
13.737783236849763,14.53706691138896,13.66682919422737,12.961173218700672,13.331978770011421,13.486717631566231,8.893780016474176,6.71316836762542,10.036242349890367,P06396-2,GELS,Isoform 2 of Gelsolin OS=Homo sapiens GN=GSN,8.54773024466332,13.980559780822032,13.259956540092775,H
14.695925192968271,12.326935382851781,12.45300738583309,13.223255554490564,13.48003070093405,12.106641879406235,6.483212077576667,7.262577632072569,7.540336747971864,Q16881,TRXR1,"Isoform 3 of Thioredoxin reductase 1, cytoplasmic OS=Homo sapiens GN=TXNRD1",7.0953754858737,13.15862265388438,12.936642711610283,H
14.975559723974504,17.26353332498888,17.007149131439604,14.041631310318294,17.28019397018512,16.802041671352054,10.49032489557854,10.494483839513792,10.82413680387918,O75874,IDHC,Isocitrate dehydrogenase [NADP] cytoplasmic OS=Homo sapiens GN=IDH1 PE=1 SV=2,10.602981846323837,16.415414060134328,16.041288983951823,H
15.12632804223643,16.531850650915487,15.872342546195204,13.961242820704484,14.757026254036786,13.949980906892662,11.148531183041388,9.526764159843284,8.491803821940724,P04632,CPNS1,Calpain small subunit 1 OS=Homo sapiens GN=CAPNS1 PE=1 SV=1,9.722366388275132,15.843507079782375,14.222749993877978,H
15.303054037164019,14.090214705920946,14.048699055066521,14.368923637220156,12.754413616275885,14.07109609109228,14.15664250973389,14.203349362306312,14.638833618077388,P63244,RACK1,Receptor of activated protein C kinase 1 OS=Homo sapiens GN=RACK1 PE=1 SV=3,14.332941830039198,14.480655932717163,13.73147778152944,H
13.840101410164094,13.891083362691358,14.04711854940194,14.376933410875028,14.037057420078968,13.436260271556703,7.877860492295715,7.736654536998708,7.9540915899587095,P55072,TERA,Transitional endoplasmic reticulum ATPase OS=Homo sapiens GN=VCP PE=1 SV=4,7.85620220641771,13.926101107419129,13.950083700836899,H
13.894385387116426,13.609963641460999,14.320182119876392,12.937294694564132,11.773338025913196,12.061279118366425,12.76363552607536,15.05474607277419,13.514591805801375,P61981,1433G,14-3-3 protein gamma OS=Homo sapiens GN=YWHAG PE=1 SV=2,13.777657801550307,13.941510382817938,12.25730394628125,H
16.235599618683466,14.034813706073892,14.891995526694377,12.93083510418432,11.661713849704409,11.42467204906049,8.207074001657325,9.898445507531463,9.008011361231338,P62847,RS24,40S ribosomal protein S24 OS=Homo sapiens GN=RPS24 PE=1 SV=1,9.037843623473377,15.054136283817243,12.005740334316407,H
14.01517035628615,12.245214933417348,14.22312392054069,12.77121806728801,12.869350186223516,12.797025096616187,12.336895447060128,11.932374184007445,11.735485404774144,P62899,RL31,60S ribosomal protein L31 OS=Homo sapiens GN=RPL31 PE=1 SV=1,12.00158501194724,13.494503070081398,12.812531116709238,H
13.134065386595703,13.064834310707461,12.864364424013656,12.538840618277328,12.10352856109352,12.36562873308852,9.821495190210996,10.626706570874429,10.201621326702082,Q6ZMT4-2,KDM7A,Isoform 2 of Lysine-specific demethylase 7A OS=Homo sapiens GN=KDM7A,10.216607695929168,13.02108804043894,12.335999304153125,H
13.466964569661858,12.362937817493219,12.427352441547603,11.87129298114514,13.414006631534429,11.734652628378937,13.044447593324666,13.017119429500854,13.425745717512337,P02768,ALBU,Serum albumin OS=Homo sapiens GN=ALB PE=1 SV=2,13.162437580112618,12.752418276234225,12.339984080352835,H
12.9928298095574,15.126729201792426,13.019797895567786,12.911943262577314,13.839467578742429,12.273095941958648,9.422074347860187,10.069087640770334,9.494111197192598,P17987,TCPA,T-complex protein 1 subunit alpha OS=Homo sapiens GN=TCP1 PE=1 SV=1,9.661757728607707,13.713118968972537,13.008168927759463,H
14.22519701139686,13.912685219042098,15.077038984835852,12.750011781939971,12.110438121856031,12.50147587397151,10.456021679737164,10.598756002539814,6.428057626812981,P02647,APOA1,Apolipoprotein A-I OS=Homo sapiens GN=APOA1 PE=1 SV=1,9.160945103029986,14.404973738424937,12.453975259255836,H
14.118543287364712,17.06105894016345,13.910584242804331,13.577893705788652,13.534693696422707,14.48010738059276,13.045162135554143,12.106577630080752,13.29525081972172,P62906,RL10A,60S ribosomal protein L10a OS=Homo sapiens GN=RPL10A PE=1 SV=2,12.815663528452205,15.030062156777497,13.86423159426804,H
12.190565485448836,12.704503044089423,17.444339649750855,16.80504428792333,11.8207853601737,16.840518956372954,8.314128916279067,8.940523661055746,6.5373723854623496,Q9Y616,IRAK3,Interleukin-1 receptor-associated kinase 3 OS=Homo sapiens GN=IRAK3 PE=1 SV=2,7.930674987599055,14.113136059763036,15.155449534823328,H
12.666216773436897,13.045576810464581,13.441037963915345,13.368218309282828,13.689019752946821,14.498821800652916,14.544993386794909,10.495242690351068,15.188054284832303,Q9H307,PININ,Pinin OS=Homo sapiens GN=PNN PE=1 SV=4,13.409430120659428,13.050943849272274,13.852019954294187,H
14.388945727913018,13.449428683682177,13.231945999504918,15.184908753086193,15.564944776555716,14.996427192789794,6.1840469987086095,7.85409600379739,6.301496135267651,Q99471,PFD5,Prefoldin subunit 5 OS=Homo sapiens GN=PFDN5 PE=1 SV=2,6.779879712591217,13.690106803700038,15.248760240810569,H
11.988775273978938,14.001130122643298,12.593267953655845,11.815649534000539,12.124323186762703,11.999266605793315,13.120204038217413,8.28669803792591,6.494000643551177,Q9NZM1,MYOF,Isoform 2 of Myoferlin OS=Homo sapiens GN=MYOF,9.300300906564834,12.861057783426027,11.97974644218552,H
11.865346454407664,11.22513119761007,12.965658758744688,13.696614418494553,11.731991757906677,10.875619704324498,7.143700318281723,8.109216376347645,7.829538419231952,P50452,SPB8,Serpin B8 OS=Homo sapiens GN=SERPINB8 PE=1 SV=2,7.694151704620439,12.018712136920806,12.101408626908578,H
12.181452977945876,12.072232889114424,12.860554139670212,11.473173834001665,12.168188875776128,11.379894244689487,11.525534724350015,11.862272743261027,11.979466781081703,P30086,PEBP1,Phosphatidylethanolamine-binding protein 1 OS=Homo sapiens GN=PEBP1 PE=1 SV=3,11.789091416230915,12.371413335576838,11.673752318155762,H
11.853580657314716,12.496648371538544,11.980986744425449,13.535209783902397,12.593624634144629,11.700620201607338,9.5746530227719,10.195683612149866,9.57444341863452,P35606,COPB2,Coatomer subunit beta' OS=Homo sapiens GN=COPB2 PE=1 SV=2,9.781593351185428,12.110405257759568,12.609818206551454,H
14.21258252674688,12.981965175906673,12.339751765269487,12.252114782161696,14.32867937956033,11.970808280490468,7.189992603465301,7.519868091661461,7.9012300015303945,Q5T7P8-2,SYT6,Isoform 2 of Synaptotagmin-6 OS=Homo sapiens GN=SYT6,7.5370302322190526,13.17809982264101,12.850534147404163,H
14.509662863147899,12.41719004706938,12.601817086106074,11.905133708327458,13.525929156455687,12.5452369058507,7.1712533812226695,7.153368524850483,7.489185265492611,Q92598-2,HS105,Isoform Beta of Heat shock protein 105 kDa OS=Homo sapiens GN=HSPH1,7.271269057188587,13.176223332107783,12.65876659021128,H
13.000990669458439,12.886191539547369,16.27087503472794,12.979584847095172,12.438634178364186,12.831532379163145,11.396279795865938,10.84180640364782,9.361986362572681,P63241,IF5A1,Eukaryotic translation initiation factor 5A-1 OS=Homo sapiens GN=EIF5A PE=1 SV=2,10.53335752069548,14.05268574791125,12.749917134874167,H
13.742213174733275,13.631180920230692,12.778580778217801,13.282161105088852,13.563079664513685,12.813081583454267,9.55172219839124,10.403884848699446,10.785269777427098,P62837,UB2D2,Ubiquitin-conjugating enzyme E2 D2 OS=Homo sapiens GN=UBE2D2 PE=1 SV=1,10.246958941505929,13.383991624393923,13.219440784352267,H
12.628064709950172,14.322721848309682,14.725959775495152,12.465458166792919,12.75877642539199,11.251339293147524,12.219021800643262,12.244796330115506,12.384486940004154,P62266,RS23,40S ribosomal protein S23 OS=Homo sapiens GN=RPS23 PE=1 SV=3,12.282768356920974,13.892248777918335,12.158524628444143,H
13.746718969490825,12.00037989855519,12.68856364527201,12.329842613510904,13.951563367716718,13.325733976014053,8.091146699968547,8.89739804470927,8.06113622088113,P60953,CDC42,Cell division control protein 42 homolog OS=Homo sapiens GN=CDC42 PE=1 SV=2,8.349893655186316,12.811887504439342,13.202379985747223,H
14.374731980047729,16.250692132532674,16.935629617623157,16.835181201402296,16.966193674671903,16.645477015096894,10.23792964886295,9.79649015237211,9.015574601924193,P41250,GARS,Glycine--tRNA ligase OS=Homo sapiens GN=GARS PE=1 SV=3,9.683331467719752,15.853684576734521,16.81561729705703,H
12.635335877922495,13.117031487326253,12.76611642676887,11.435540330588253,12.695515680921895,13.364986671650964,11.282699991847315,11.565209076636366,11.82607732362622,P52597,HNRPF,Heterogeneous nuclear ribonucleoprotein F OS=Homo sapiens GN=HNRNPF PE=1 SV=3,11.557995464036635,12.839494597339206,12.498680894387036,H
12.903478037662575,12.720340079853075,15.467434804290948,13.877471644038854,14.096360348852746,14.615573378295238,12.292457584545167,13.148920921321057,12.843122666818024,P10599-2,THIO,Isoform 2 of Thioredoxin OS=Homo sapiens GN=TXN,12.761500390894751,13.697084307268867,14.19646845706228,H
11.732426012379127,11.604722878075826,11.457327394343501,11.933708179021341,12.289232165650663,11.92411039816706,11.261238049019623,12.802833606640002,12.902303118066238,P62861,RS30,40S ribosomal protein S30 OS=Homo sapiens GN=FAU PE=1 SV=1,12.322124924575286,11.598158761599485,12.049016914279688,H
14.30573270798029,16.006233230571393,16.7532102371807,15.546562130529177,16.431876178333408,12.366839641394638,10.782990127519051,10.617627380227676,6.800804277619649,P49721,PSB2,Proteasome subunit beta type-2 OS=Homo sapiens GN=PSMB2 PE=1 SV=1,9.40047392845546,15.688392058577461,14.781759316752408,H
13.62637565312234,13.09735853718944,12.670213902134162,13.607643720713297,13.439800423070302,13.211585921256516,13.191945437958656,13.295118622968259,13.723334631136074,P46776,RL27A,60S ribosomal protein L27a OS=Homo sapiens GN=RPL27A PE=1 SV=2,13.403466230687663,13.131316030815313,13.419676688346705,H
14.576696679533583,13.246883177711673,13.42795837956491,12.48450599765151,11.510068510065848,11.391466291712893,11.813502246934492,11.550287635434472,10.180127507729438,P25787,PSA2,Proteasome subunit alpha type-2 OS=Homo sapiens GN=PSMA2 PE=1 SV=2,11.181305796699467,13.750512745603388,11.795346933143419,H
11.254672948399602,14.19293437441115,13.284940487119371,13.70730168083993,12.103257413422831,14.80600127140701,9.906754411748443,9.747232646352886,6.53756813873188,P68036,UB2L3,Ubiquitin-conjugating enzyme E2 L3 OS=Homo sapiens GN=UBE2L3 PE=1 SV=1,8.730518398944403,12.910849269976708,13.538853455223256,H
14.415925163169348,15.186034907096923,14.197496130729746,17.969613932601913,14.218196330310834,15.826049719832284,10.015065104027403,9.229272865209007,7.212409065842292,P08195,4F2,4F2 cell-surface antigen heavy chain OS=Homo sapiens GN=SLC3A2 PE=1 SV=3,8.818915678359568,14.599818733665339,16.004619994248344,H
13.786118909589089,12.826038195952785,12.651261924145553,12.986395981876328,12.443266248654393,12.477549984453297,7.744135182379104,5.900537900715976,8.046111337618704,P46821,MAP1B,Microtubule-associated protein 1B OS=Homo sapiens GN=MAP1B PE=1 SV=2,7.230261473571261,13.087806343229142,12.635737404994671,H
16.269014750513055,15.169445362387059,15.642447214962845,13.790068225527996,14.166321063277683,11.477674869191583,12.333470454844498,12.347905543079753,11.931789142391029,P05386,RLA1,60S acidic ribosomal protein P1 OS=Homo sapiens GN=RPLP1 PE=1 SV=1,12.204388380105092,15.69363577595432,13.144688052665755,H
14.127534588686416,14.118549217156977,14.76540615762063,12.935419556086076,13.606787811222109,11.855400516751807,11.40495388053229,11.914389271268723,11.901565501384939,O14558,HSPB6,Heat shock protein beta-6 OS=Homo sapiens GN=HSPB6 PE=1 SV=2,11.740302884395318,14.337163321154675,12.799202628019998,H
11.89555240395594,11.763059983818014,12.340032945202884,12.19841987096276,12.072794208477175,13.036508311982539,12.15266460131004,12.532027257981666,12.760462363230369,A6PVY3,F177B,Protein FAM177B OS=Homo sapiens GN=FAM177B PE=2 SV=1,12.481718074174024,11.999548444325612,12.43590746380749,H
11.34806340335307,12.229655241909287,11.990815875958045,11.596488299361882,11.920256508281332,11.25914492128482,8.08484713375683,8.80592774960086,9.670524526235498,P46777,RL5,60S ribosomal protein L5 OS=Homo sapiens GN=RPL5 PE=1 SV=3,8.853766469864397,11.856178173740133,11.591963242976012,H
14.365366953803003,14.768071071214296,12.999964317519087,14.54383917208921,14.752062742632033,13.524447348648163,5.583030750388732,9.928296752697152,11.130768272838166,P18621,RL17,60S ribosomal protein L17 OS=Homo sapiens GN=RPL17 PE=1 SV=3,8.880698591974683,14.044467447512128,14.27344975445647,H
